80,9,1,0.0,0.0,0.0,0.0003592967987060547
81,13,1,0.0006401538848876953,0.0006401538848876953,0.0,9.226799011230469e-05
82,13,2,0.0,0.0,0.0,0.0007443428039550781
83,13,3,0.0,0.0,0.0,0.0010120868682861328
84,5,1,0.0,0.0,0.0,0.0
85,10,1,0.0,0.0,0.0,0.0
86,8,1,0.0,0.0,0.0,0.0
87,3,1,0.0,0.0,0.0,0.0
88,1,1,0.0,0.0,0.0,0.0
89,6,1,0.0009982585906982422,0.0009982585906982422,0.0,0.0
90,3,2,0.0,0.0,0.0010151863098144531,0.0
91,10,2,0.0,0.0,0.0010228157043457031,0.0
92,13,4,0.0,0.0,0.0,0.0010030269622802734
93,4,1,0.0,0.0,0.0,0.0009582042694091797
94,8,2,0.0,0.0,0.0,0.0
95,13,5,0.0,0.0,0.0,0.0
96,9,2,0.0,0.0,0.0,0.0
97,3,3,0.001001119613647461,0.001001119613647461,0.0,0.0
98,1,2,0.0,0.0,0.0,0.0
99,12,1,0.0,0.0,0.0,0.0012135505676269531
100,11,1,0.0,0.0,0.0007395744323730469,0.0010058879852294922
101,1,3,0.0,0.0,0.0010075569152832031,0.0
102,1,4,0.0,0.0,0.0010023117065429688,0.0
103,16,1,0.0,0.0,0.0,0.0
104,16,2,0.0,0.0,0.0,0.0
105,15,1,0.0,0.0,0.0,0.0
106,8,3,0.0,0.0,0.0,0.0010008811950683594
107,13,6,0.0,0.0,0.0,0.0
108,11,2,0.0,0.0,0.0,0.0
109,9,3,0.0,0.0,0.0,0.0010004043579101562
110,5,2,0.0,0.0,0.0,0.0009996891021728516
111,13,7,0.0,0.0,0.0,0.0030078887939453125
112,1,5,0.001051187515258789,0.001051187515258789,0.0,0.0009007453918457031
113,9,4,0.0,0.0,0.0,0.0010371208190917969
114,10,3,0.0,0.0,0.0,0.0009984970092773438
115,6,2,0.0,0.0,0.0,0.0009999275207519531
116,12,2,0.0,0.0,0.0,0.0
117,10,4,0.0,0.0,0.0,0.0
118,4,2,0.0,0.0,0.0,0.0
119,15,2,0.0,0.0,0.0,0.0009558200836181641
120,15,3,0.0,0.0,0.0,0.000997304916381836
121,10,5,0.0,0.0,0.0,0.001003265380859375
122,10,6,0.0,0.0,0.001003265380859375,0.0
123,16,3,0.0,0.0,0.0010101795196533203,0.0005524158477783203
124,13,8,0.0020134449005126953,0.0020134449005126953,0.0,0.00099945068359375
125,14,1,0.0,0.0,0.0,0.0009982585906982422
126,10,7,0.0,0.0,0.0,0.001003265380859375
127,13,9,0.0,0.0,0.0009968280792236328,0.0010039806365966797
128,4,3,0.0,0.0,0.0,0.0009646415710449219
129,1,6,0.0,0.0,0.0,0.0010502338409423828
130,9,5,0.0,0.0,0.0,0.0
131,4,4,0.0009968280792236328,0.0009968280792236328,0.0,0.0
132,3,4,0.0,0.0,0.0,0.0010037422180175781
133,4,5,0.0,0.0,0.0,0.001001119613647461
134,14,2,0.0,0.0,0.0,0.0
135,4,6,0.0,0.0,0.0,0.0020003318786621094
136,2,1,0.0,0.0,0.0,0.0
137,1,7,0.00099945068359375,0.00099945068359375,0.0,0.0009992122650146484
138,8,4,0.0,0.0,0.0,0.0010001659393310547
139,13,10,0.0,0.0,0.0009996891021728516,0.0009996891021728516
140,11,3,0.0,0.0,0.0,0.0
141,2,2,0.0,0.0,0.0,0.0
142,12,3,0.0,0.0,0.0,0.0
143,8,5,0.0,0.0,0.0010006427764892578,0.0009984970092773438
144,12,4,0.0,0.0,0.0,0.0009992122650146484
145,1,8,0.0,0.0,0.0,0.0010004043579101562
146,5,3,0.0011725425720214844,0.0011725425720214844,0.0,0.0
147,14,3,0.0,0.0,0.0009641647338867188,0.0
148,5,4,0.001001119613647461,0.001001119613647461,0.0,0.0010371208190917969
149,15,4,0.0,0.0,0.0,0.0010116100311279297
150,10,8,0.0,0.0,0.000985860824584961,0.0010008811950683594
151,5,5,0.0,0.0,0.0,0.0010056495666503906
152,13,11,0.0,0.0,0.0,0.000997304916381836
153,10,9,0.0010020732879638672,0.0010020732879638672,0.0,0.0010025501251220703
154,6,3,0.0,0.0,0.000997304916381836,0.0
155,4,7,0.0010001659393310547,0.0010001659393310547,0.0,0.002093076705932617
156,12,5,0.0,0.0,0.0,0.000997304916381836
157,8,6,0.0,0.0,0.0,0.0019996166229248047
158,7,1,0.0,0.0,0.0,0.0009996891021728516
159,3,5,0.0,0.0,0.0,0.0010001659393310547
160,9,6,0.0009999275207519531,0.0009999275207519531,0.0,0.001999378204345703
161,13,12,0.0,0.0,0.0,0.0009996891021728516
162,13,13,0.0010004043579101562,0.0010004043579101562,0.00099945068359375,0.0019998550415039062
163,13,14,0.001001596450805664,0.001001596450805664,0.0010356903076171875,0.0019989013671875
164,5,6,0.0,0.0,0.0,0.0010001659393310547
165,10,10,0.0,0.0,0.0,0.0009620189666748047
166,8,7,0.0009992122650146484,0.0009992122650146484,0.0,0.0009996891021728516
167,3,6,0.0,0.0,0.0009999275207519531,0.002000570297241211
168,1,9,0.0,0.0,0.0,0.0009996891021728516
169,6,4,0.0,0.0,0.0,0.0010004043579101562
170,3,7,0.0,0.0,0.0,0.0009639263153076172
171,10,11,0.001001119613647461,0.001001119613647461,0.0,0.0020766258239746094
172,13,15,0.0,0.0,0.0009276866912841797,0.0029954910278320312
173,4,8,0.0,0.0,0.0,0.0009975433349609375
174,7,2,0.0,0.0,0.0,0.0010023117065429688
175,13,16,0.0,0.0,0.0,0.002000570297241211
176,9,7,0.0,0.0,0.0010020732879638672,0.0019965171813964844
177,3,8,0.0,0.0,0.0,0.0020995140075683594
178,1,10,0.0,0.0,0.0009047985076904297,0.0009963512420654297
179,12,6,0.0,0.0,0.0009636878967285156,0.001035928726196289
180,11,4,0.0,0.0,0.0,0.0
181,1,11,0.0009946823120117188,0.0009946823120117188,0.0,0.0020012855529785156
182,1,12,0.0,0.0,0.0,0.001001119613647461
183,16,4,0.0,0.0,0.0,0.0
184,16,5,0.0,0.0,0.0,0.0009992122650146484
185,14,4,0.0,0.0,0.0,0.0
186,8,8,0.0010001659393310547,0.0010001659393310547,0.0,0.0020034313201904297
187,13,17,0.0,0.0,0.0009961128234863281,0.0020012855529785156
188,11,5,0.0,0.0,0.0,0.0010118484497070312
189,9,8,0.0,0.0,0.0,0.0009870529174804688
190,5,7,0.0,0.0,0.00099945068359375,0.001964569091796875
191,13,18,0.0,0.0,0.0010523796081542969,0.003001689910888672
192,1,13,0.0010006427764892578,0.0010006427764892578,0.0,0.001001119613647461
193,9,9,0.0,0.0,0.0010006427764892578,0.0020055770874023438
194,10,12,0.0010142326354980469,0.0010142326354980469,0.0,0.0020012855529785156
195,6,5,0.0004515647888183594,0.0004515647888183594,0.00028824806213378906,0.000997304916381836
196,12,7,0.0,0.0,0.0,0.0019996166229248047
197,10,13,0.0,0.0,0.0,0.0019998550415039062
198,4,9,0.0,0.0,0.0,0.001999378204345703
199,15,5,0.0,0.0,0.0,0.0020003318786621094
200,15,6,0.0,0.0,0.0,0.0020058155059814453
201,10,14,0.0010476112365722656,0.0010476112365722656,0.0009496212005615234,0.008545398712158203
202,10,15,0.0016553401947021484,0.0016553401947021484,0.0009856224060058594,0.0048906803131103516
203,16,6,0.0,0.0,0.0010046958923339844,0.0010001659393310547
204,13,19,0.002005338668823242,0.002005338668823242,0.0009944438934326172,0.006000041961669922
205,14,5,0.0,0.0,0.001008749008178711,0.0010218620300292969
206,10,16,0.0010004043579101562,0.0010004043579101562,0.0,0.00301361083984375
207,13,20,0.001003265380859375,0.001003265380859375,0.0009832382202148438,0.007012605667114258
208,4,10,0.0009849071502685547,0.0009849071502685547,0.0,0.0060024261474609375
209,1,14,0.001050710678100586,0.001050710678100586,0.0012362003326416016,0.003000974655151367
210,9,10,0.0,0.0,0.0010066032409667969,0.003991365432739258
211,4,11,0.0010709762573242188,0.0010709762573242188,0.0005247592926025391,0.005014896392822266
212,3,9,0.0009837150573730469,0.0009837150573730469,0.0009999275207519531,0.0039958953857421875
213,4,12,0.0,0.0,0.0009951591491699219,0.003997325897216797
214,14,6,0.0,0.0,0.0,0.0
215,3,10,0.0009999275207519531,0.0009999275207519531,0.0,0.0020041465759277344
216,2,3,0.0,0.0,0.0,0.0009958744049072266
217,1,15,0.0009999275207519531,0.0009999275207519531,0.0,0.0010013580322265625
218,8,9,0.0010001659393310547,0.0010001659393310547,0.0,0.0029418468475341797
219,13,21,0.0009963512420654297,0.0009963512420654297,0.0,0.0030024051666259766
220,11,6,0.0,0.0,0.0,0.0010001659393310547
221,2,4,0.0,0.0,0.0,0.00099945068359375
222,12,8,0.0,0.0,0.0,0.0009953975677490234
223,8,10,0.0010383129119873047,0.0010383129119873047,0.0,0.0009908676147460938
224,12,9,0.0,0.0,0.0009949207305908203,0.0019659996032714844
225,1,16,0.0010001659393310547,0.0010001659393310547,0.0,0.0019998550415039062
226,5,8,0.0,0.0,0.0,0.0010001659393310547
227,14,7,0.0010006427764892578,0.0010006427764892578,0.0,0.0009992122650146484
228,5,9,0.0009999275207519531,0.0009999275207519531,0.0,0.0020008087158203125
229,15,7,0.0,0.0,0.0,0.0009996891021728516
230,10,17,0.001001119613647461,0.001001119613647461,0.0,0.0030031204223632812
231,5,10,0.0,0.0,0.0010004043579101562,0.002000093460083008
232,13,22,0.0,0.0,0.0010004043579101562,0.0049991607666015625
233,10,18,0.0,0.0,0.0010006427764892578,0.001314401626586914
234,6,6,0.0,0.0,0.0,0.001001119613647461
235,4,13,0.000997304916381836,0.000997304916381836,0.0,0.0020029544830322266
236,12,10,0.0,0.0,0.001001119613647461,0.002089262008666992
237,8,11,0.0009145736694335938,0.0009145736694335938,0.0,0.0010001659393310547
238,7,3,0.0009970664978027344,0.0009970664978027344,0.0,0.00200653076171875
239,3,11,0.0,0.0,0.0009596347808837891,0.0030364990234375
240,9,11,0.0,0.0,0.0,0.0019991397857666016
241,13,23,0.0,0.0,0.0009980201721191406,0.004006862640380859
242,13,24,0.0,0.0,0.0009970664978027344,0.0030019283294677734
243,13,25,0.0009975433349609375,0.0009975433349609375,0.0,0.0030019283294677734
244,5,11,0.0,0.0,0.0,0.0010006427764892578
245,10,19,0.0009989738464355469,0.0009989738464355469,0.0,0.0029630661010742188
246,8,12,0.0,0.0,0.0010347366333007812,0.002033233642578125
247,3,12,0.0,0.0,0.0,0.0020034313201904297
248,1,17,0.0009996891021728516,0.0009996891021728516,0.0,0.0018689632415771484
249,6,7,0.0,0.0,0.0,0.0009996891021728516
250,3,13,0.0,0.0,0.0010004043579101562,0.003966808319091797
251,10,20,0.0,0.0,0.0010006427764892578,0.002000093460083008
252,13,26,0.0,0.0,0.0010001659393310547,0.0040035247802734375
253,3,14,0.0,0.0,0.0010006427764892578,0.004000425338745117
254,8,13,0.0,0.0,0.0,0.0019991397857666016
255,13,27,0.0009999275207519531,0.0009999275207519531,0.0009999275207519531,0.0029997825622558594
256,9,12,0.0,0.0,0.0,0.001999378204345703
257,3,15,0.0,0.0,0.0010004043579101562,0.002997875213623047
258,1,18,0.0,0.0,0.0009992122650146484,0.0010013580322265625
259,12,11,0.00099945068359375,0.00099945068359375,0.0,0.002001047134399414
260,11,7,0.0,0.0,0.0,0.0010008811950683594
261,1,19,0.0,0.0,0.0009989738464355469,0.0019998550415039062
262,1,20,0.0,0.0,0.0,0.002003192901611328
263,16,7,0.0,0.0,0.0,0.00099945068359375
264,16,8,0.0,0.0,0.0010004043579101562,0.0
265,14,8,0.00099945068359375,0.00099945068359375,0.0,0.0009853839874267578
266,8,14,0.0,0.0,0.0010027885437011719,0.0029969215393066406
267,13,28,0.0,0.0,0.0010006427764892578,0.004000186920166016
268,11,8,0.0,0.0,0.0009965896606445312,0.002001047134399414
269,9,13,0.0,0.0,0.0,0.0020008087158203125
270,5,12,0.0010013580322265625,0.0010013580322265625,0.0,0.0020008087158203125
271,13,29,0.0,0.0,0.0009989738464355469,0.0039598941802978516
272,1,21,0.0,0.0,0.0010788440704345703,0.0019965171813964844
273,9,14,0.0,0.0,0.0010001659393310547,0.001999378204345703
274,10,21,0.0,0.0,0.0010004043579101562,0.0020003318786621094
275,6,8,0.0,0.0,0.0009999275207519531,0.0020046234130859375
276,12,12,0.0010001659393310547,0.0010001659393310547,0.0,0.0030002593994140625
277,10,22,0.0009999275207519531,0.0009999275207519531,0.0,0.002999544143676758
278,4,14,0.0010001659393310547,0.0010001659393310547,0.0,0.00403904914855957
279,15,8,0.0,0.0,0.0,0.002031087875366211
280,15,9,0.0,0.0,0.0,0.0020020008087158203
281,10,23,0.0,0.0,0.0009961128234863281,0.003000020980834961
282,10,24,0.0,0.0,0.001003265380859375,0.0030035972595214844
283,12,13,0.0009665489196777344,0.0009665489196777344,0.0,0.003000497817993164
284,13,30,0.0010006427764892578,0.0010006427764892578,0.0009987354278564453,0.004000425338745117
285,14,9,0.0,0.0,0.0010004043579101562,0.001999378204345703
286,10,25,0.0010001659393310547,0.0010001659393310547,0.0,0.002916574478149414
287,13,31,0.0010006427764892578,0.0010006427764892578,0.0009999275207519531,0.005000114440917969
288,4,15,0.0,0.0,0.0,0.005001068115234375
289,1,22,0.0,0.0,0.0010349750518798828,0.0020017623901367188
290,9,15,0.0,0.0,0.0009980201721191406,0.0019998550415039062
291,4,16,0.0,0.0,0.0010027885437011719,0.003002643585205078
292,3,16,0.0,0.0,0.000997781753540039,0.0029358863830566406
293,4,17,0.001001119613647461,0.001001119613647461,0.0,0.0029990673065185547
294,14,10,0.0009999275207519531,0.0009999275207519531,0.0,0.001981019973754883
295,3,17,0.0,0.0,0.0010027885437011719,0.0029976367950439453
296,2,5,0.0010013580322265625,0.0010013580322265625,0.0,0.0019991397857666016
297,1,23,0.0,0.0,0.0010020732879638672,0.001999378204345703
298,8,15,0.0009999275207519531,0.0009999275207519531,0.0,0.0019943714141845703
299,13,32,0.0010025501251220703,0.0010025501251220703,0.0010030269622802734,0.004964113235473633
300,11,9,0.0,0.0,0.0010001659393310547,0.0010001659393310547
301,2,6,0.0,0.0,0.0,0.0019998550415039062
302,12,14,0.0,0.0,0.0,0.0039997100830078125
303,8,16,0.0,0.0,0.0010004043579101562,0.002995729446411133
304,12,15,0.0,0.0,0.0,0.002999544143676758
305,1,24,0.0,0.0,0.0010004043579101562,0.0019996166229248047
306,5,13,0.0,0.0,0.0010006427764892578,0.002000093460083008
307,14,11,0.0,0.0,0.0,0.002997875213623047
308,5,14,0.0,0.0,0.0010004043579101562,0.0029997825622558594
309,15,10,0.0,0.0,0.0,0.001999378204345703
310,10,26,0.0010004043579101562,0.0010004043579101562,0.0,0.0029997825622558594
311,5,15,0.001001596450805664,0.001001596450805664,0.0,0.002000093460083008
312,13,33,0.0010004043579101562,0.0010004043579101562,0.00099945068359375,0.003999948501586914
313,10,27,0.0010001659393310547,0.0010001659393310547,0.0010058879852294922,0.004000663757324219
314,6,9,0.0,0.0,0.0,0.0010001659393310547
315,4,18,0.0009999275207519531,0.0009999275207519531,0.0,0.0039997100830078125
316,12,16,0.0,0.0,0.0,0.004036664962768555
317,8,17,0.0009996891021728516,0.0009996891021728516,0.0,0.0040013790130615234
318,7,4,0.0,0.0,0.0,0.0009980201721191406
319,3,18,0.0,0.0,0.0009975433349609375,0.0039675235748291016
320,9,16,0.0,0.0,0.0009992122650146484,0.0030260086059570312
321,13,34,0.0009987354278564453,0.0009987354278564453,0.0010027885437011719,0.005000591278076172
322,13,35,0.0,0.0,0.0010004043579101562,0.004964351654052734
323,13,36,0.001035451889038086,0.001035451889038086,0.0010030269622802734,0.005169868469238281
324,5,16,0.003797292709350586,0.003797292709350586,0.0010101795196533203,0.010001659393310547
325,10,28,0.002011537551879883,0.002011537551879883,0.0019888877868652344,0.0049970149993896484
326,8,18,0.0009999275207519531,0.0009999275207519531,0.0,0.003000020980834961
327,3,19,0.0,0.0,0.0013394355773925781,0.003999471664428711
328,1,25,0.0010001659393310547,0.0010001659393310547,0.0,0.001996755599975586
329,6,10,0.0,0.0,0.0010020732879638672,0.0010020732879638672
330,3,20,0.0009980201721191406,0.0009980201721191406,0.0,0.004960060119628906
331,10,29,0.0,0.0,0.0010008811950683594,0.0039997100830078125
332,13,37,0.0010004043579101562,0.0010004043579101562,0.0,0.005002021789550781
333,3,21,0.0,0.0,0.0009992122650146484,0.0039997100830078125
334,7,5,0.0,0.0,0.0,0.0020062923431396484
335,13,38,0.0009951591491699219,0.0009951591491699219,0.000997304916381836,0.00500178337097168
336,9,17,0.00099945068359375,0.00099945068359375,0.0,0.002999544143676758
337,3,22,0.0,0.0,0.0010006427764892578,0.003999233245849609
338,1,26,0.00099945068359375,0.00099945068359375,0.0,0.0029990673065185547
339,12,17,0.0,0.0,0.0010023117065429688,0.006000995635986328
340,11,10,0.0,0.0,0.00099945068359375,0.003001689910888672
341,1,27,0.0009989738464355469,0.0009989738464355469,0.0010004043579101562,0.003000020980834961
342,1,28,0.0010004043579101562,0.0010004043579101562,0.0,0.003000020980834961
343,16,9,0.0010001659393310547,0.0010001659393310547,0.0010051727294921875,0.0009996891021728516
344,16,10,0.0,0.0,0.0009996891021728516,0.00099945068359375
345,14,12,0.0,0.0,0.0,0.0030074119567871094
346,8,19,0.0,0.0,0.0010075569152832031,0.0029926300048828125
347,13,39,0.0009999275207519531,0.0009999275207519531,0.0024080276489257812,0.005007743835449219
348,11,11,0.0009894371032714844,0.0009894371032714844,0.0,0.00099945068359375
349,9,18,0.0010008811950683594,0.0010008811950683594,0.0,0.005014896392822266
350,5,17,0.0,0.0,0.0009884834289550781,0.002001523971557617
351,13,40,0.0009980201721191406,0.0009980201721191406,0.0009982585906982422,0.005004167556762695
352,1,29,0.00115203857421875,0.00115203857421875,0.001844167709350586,0.002986431121826172
353,9,19,0.0,0.0,0.001001596450805664,0.0030002593994140625
354,10,30,0.0009634494781494141,0.0009634494781494141,0.0020036697387695312,0.00899958610534668
355,6,11,0.0009975433349609375,0.0009975433349609375,0.0,0.009975194931030273
356,12,18,0.0010311603546142578,0.0010311603546142578,0.0,0.004003047943115234
357,10,31,0.001001119613647461,0.001001119613647461,0.0009970664978027344,0.0058782100677490234
358,4,19,0.0,0.0,0.0010006427764892578,0.005000114440917969
359,15,11,0.0009999275207519531,0.0009999275207519531,0.0,0.004004478454589844
360,15,12,0.0,0.0,0.0009984970092773438,0.0030002593994140625
361,10,32,0.0010001659393310547,0.0010001659393310547,0.0019979476928710938,0.009070158004760742
362,10,33,0.0009691715240478516,0.0009691715240478516,0.0010004043579101562,0.006964445114135742
363,12,19,0.0010035037994384766,0.0010035037994384766,0.0009932518005371094,0.0039997100830078125
364,13,41,0.0010008811950683594,0.0010008811950683594,0.0,0.007001638412475586
365,14,13,0.0,0.0,0.0,0.0029993057250976562
366,10,34,0.0010006427764892578,0.0010006427764892578,0.00099945068359375,0.004003286361694336
367,13,42,0.0010004043579101562,0.0010004043579101562,0.0009996891021728516,0.024994373321533203
368,4,20,0.0010004043579101562,0.0010004043579101562,0.0,0.00577545166015625
369,1,30,0.0012249946594238281,0.0012249946594238281,0.0010006427764892578,0.0030355453491210938
370,9,20,0.0010013580322265625,0.0010013580322265625,0.0,0.004004001617431641
371,4,21,0.0,0.0,0.0010006427764892578,0.004960775375366211
372,3,23,0.001069784164428711,0.001001596450805664,0.00036644935607910156,0.0040128231048583984
373,4,22,0.0009834766387939453,0.0009834766387939453,0.0,0.0060002803802490234
374,14,14,0.0009679794311523438,0.0009679794311523438,0.0,0.003989458084106445
375,4,23,0.0012962818145751953,0.0012962818145751953,0.0007078647613525391,0.005036115646362305
376,2,7,0.0,0.0,0.0,0.001997709274291992
377,1,31,0.0010004043579101562,0.0010004043579101562,0.001998424530029297,0.003000497817993164
378,8,20,0.00099945068359375,0.00099945068359375,0.0,0.004998683929443359
379,13,43,0.00099945068359375,0.00099945068359375,0.0010004043579101562,0.004999876022338867
380,11,12,0.0010004043579101562,0.0010004043579101562,0.0,0.004042148590087891
381,2,8,0.0009961128234863281,0.0009961128234863281,0.0,0.0020003318786621094
382,12,20,0.0,0.0,0.001001596450805664,0.003996372222900391
383,8,21,0.001003265380859375,0.001003265380859375,0.0,0.005035877227783203
384,11,13,0.0,0.0,0.0009987354278564453,0.001985311508178711
385,1,32,0.0010001659393310547,0.0010001659393310547,0.0,0.0029861927032470703
386,5,18,0.0,0.0,0.0014798641204833984,0.003033876419067383
387,14,15,0.0,0.0,0.0010023117065429688,0.0029990673065185547
388,5,19,0.0009982585906982422,0.0009982585906982422,0.0,0.00299835205078125
389,15,13,0.0012097358703613281,0.0012097358703613281,0.0007619857788085938,0.0029969215393066406
390,10,35,0.0010035037994384766,0.0010035037994384766,0.0,0.003997325897216797
391,5,20,0.0010027885437011719,0.0010027885437011719,0.0,0.0039615631103515625
392,13,44,0.002001523971557617,0.002001523971557617,0.0019979476928710938,0.007000923156738281
393,10,36,0.004041433334350586,0.004041433334350586,0.0019969940185546875,0.004996538162231445
394,6,12,0.0,0.0,0.0,0.003998279571533203
395,4,24,0.0010042190551757812,0.0010042190551757812,0.0010263919830322266,0.011998176574707031
396,12,21,0.0020270347595214844,0.0020270347595214844,0.00096893310546875,0.004999637603759766
397,8,22,0.0,0.0,0.0010004043579101562,0.0029997825622558594
398,7,6,0.0010001659393310547,0.0010001659393310547,0.0,0.0020384788513183594
399,3,24,0.0,0.0,0.000997781753540039,0.0039997100830078125
400,9,21,0.001012563705444336,0.001012563705444336,0.0009860992431640625,0.005981922149658203
401,13,45,0.0030617713928222656,0.0030617713928222656,0.0009243488311767578,0.008028745651245117
402,13,46,0.0019986629486083984,0.0019986629486083984,0.0010352134704589844,0.005999088287353516
403,13,47,0.0009999275207519531,0.0009999275207519531,0.0010008811950683594,0.006999969482421875
404,5,21,0.0,0.0,0.0010018348693847656,0.003949165344238281
405,10,37,0.0009987354278564453,0.0009987354278564453,0.0010025501251220703,0.006000995635986328
406,8,23,0.0,0.0,0.001001119613647461,0.0039708614349365234
407,3,25,0.0,0.0,0.0009992122650146484,0.006035566329956055
408,1,33,0.0,0.0,0.002159595489501953,0.0060596466064453125
409,6,13,0.000982522964477539,0.000982522964477539,0.0009961128234863281,0.003993511199951172
410,3,26,0.0019698143005371094,0.0019698143005371094,0.004079580307006836,0.009021520614624023
411,10,38,0.0010423660278320312,0.0010423660278320312,0.0019626617431640625,0.0039975643157958984
412,13,48,0.0010023117065429688,0.0010023117065429688,0.001016378402709961,0.006995677947998047
413,3,27,0.0,0.0,0.0010001659393310547,0.0060160160064697266
414,7,7,0.0,0.0,0.0,0.0029931068420410156
415,13,49,0.00099945068359375,0.00099945068359375,0.001999378204345703,0.013035774230957031
416,9,22,0.0,0.0,0.000997304916381836,0.004004240036010742
417,3,28,0.000993967056274414,0.000993967056274414,0.0015070438385009766,0.005000114440917969
418,1,34,0.0010004043579101562,0.0010004043579101562,0.0009992122650146484,0.003999948501586914
419,12,22,0.0,0.0,0.0010001659393310547,0.004995822906494141
420,11,14,0.0,0.0,0.0010004043579101562,0.0019996166229248047
421,1,35,0.0010001659393310547,0.0010001659393310547,0.0009999275207519531,0.00400090217590332
422,1,36,0.0020017623901367188,0.0020017623901367188,0.0,0.003999948501586914
423,16,11,0.0,0.0,0.0010008811950683594,0.0010001659393310547
424,16,12,0.0,0.0,0.0,0.0009996891021728516
425,14,16,0.0,0.0,0.0010004043579101562,0.003998994827270508
426,8,24,0.0010001659393310547,0.0010001659393310547,0.0,0.0029997825622558594
427,13,50,0.0020003318786621094,0.0020003318786621094,0.0009996891021728516,0.00704193115234375
428,11,15,0.0,0.0,0.000995635986328125,0.002006053924560547
429,9,23,0.0009961128234863281,0.0009961128234863281,0.0,0.003999948501586914
430,5,22,0.0010023117065429688,0.0010023117065429688,0.0,0.0040395259857177734
431,13,51,0.0009951591491699219,0.0009951591491699219,0.001001119613647461,0.00796365737915039
432,1,37,0.0009996891021728516,0.0009996891021728516,0.0010001659393310547,0.0039997100830078125
433,9,24,0.0,0.0,0.0010006427764892578,0.003999948501586914
434,10,39,0.0010004043579101562,0.0010004043579101562,0.0010023117065429688,0.005997896194458008
435,6,14,0.0,0.0,0.0,0.0019974708557128906
436,12,23,0.0,0.0,0.0015017986297607422,0.010002374649047852
437,10,40,0.0009982585906982422,0.0009982585906982422,0.0009989738464355469,0.005997896194458008
438,4,25,0.0,0.0,0.00099945068359375,0.0059967041015625
439,15,14,0.001004934310913086,0.001004934310913086,0.0,0.002999544143676758
440,15,15,0.0,0.0,0.0,0.002999544143676758
441,10,41,0.0010008811950683594,0.0010008811950683594,0.0009992122650146484,0.005003929138183594
442,10,42,0.0009999275207519531,0.0009999275207519531,0.0010023117065429688,0.005997419357299805
443,12,24,0.0,0.0,0.0009639263153076172,0.005011796951293945
444,13,52,0.001984834671020508,0.001984834671020508,0.0010030269622802734,0.007749795913696289
445,14,17,0.001001596450805664,0.001001596450805664,0.0,0.0030007362365722656
446,10,43,0.0009996891021728516,0.0009996891021728516,0.0009996891021728516,0.005002021789550781
447,13,53,0.0009989738464355469,0.0009989738464355469,0.0009999275207519531,0.008040904998779297
448,4,26,0.0,0.0,0.0009925365447998047,0.006946563720703125
449,1,38,0.0010159015655517578,0.0010159015655517578,0.0010018348693847656,0.006994485855102539
450,9,25,0.0009987354278564453,0.0009987354278564453,0.0,0.0039997100830078125
451,4,27,0.0010004043579101562,0.0010004043579101562,0.0009996891021728516,0.00700068473815918
452,3,29,0.00099945068359375,0.00099945068359375,0.0,0.005000114440917969
453,4,28,0.0010030269622802734,0.0010030269622802734,0.0009968280792236328,0.007965803146362305
454,14,18,0.0,0.0,0.0010004043579101562,0.003999948501586914
455,4,29,0.0,0.0,0.0020003318786621094,0.006998777389526367
456,2,9,0.0010008811950683594,0.0010008811950683594,0.0,0.0019996166229248047
457,1,39,0.0010006427764892578,0.0010006427764892578,0.0009999275207519531,0.005037546157836914
458,8,25,0.0,0.0,0.0009987354278564453,0.0039975643157958984
459,13,54,0.002001047134399414,0.002001047134399414,0.0009970664978027344,0.008960485458374023
460,11,16,0.0,0.0,0.00099945068359375,0.003034830093383789
461,2,10,0.0,0.0,0.0,0.0030074119567871094
462,12,25,0.0009613037109375,0.0009613037109375,0.0010001659393310547,0.004994392395019531
463,8,26,0.0010004043579101562,0.0010004043579101562,0.0010027885437011719,0.003999471664428711
464,11,17,0.0,0.0,0.0010051727294921875,0.0028634071350097656
465,1,40,0.0010006427764892578,0.0010006427764892578,0.0009992122650146484,0.003033161163330078
466,5,23,0.0009975433349609375,0.0009975433349609375,0.0,0.0050029754638671875
467,14,19,0.0009968280792236328,0.0009968280792236328,0.0,0.003994941711425781
468,5,24,0.0009965896606445312,0.0009965896606445312,0.0010025501251220703,0.004002809524536133
469,15,16,0.001967906951904297,0.001967906951904297,0.0,0.004026651382446289
470,10,44,0.001003265380859375,0.001003265380859375,0.0009965896606445312,0.0049953460693359375
471,5,25,0.0010008811950683594,0.0010008811950683594,0.0009660720825195312,0.003998279571533203
472,13,55,0.0010008811950683594,0.0010008811950683594,0.0009992122650146484,0.01201629638671875
473,10,45,0.0009877681732177734,0.0009877681732177734,0.0009996891021728516,0.008035421371459961
474,6,15,0.0,0.0,0.0,0.0019989013671875
475,4,30,0.0009984970092773438,0.0009984970092773438,0.0010023117065429688,0.0070896148681640625
476,12,26,0.0008709430694580078,0.0008709430694580078,0.0009975433349609375,0.004998207092285156
477,8,27,0.0,0.0,0.0009992122650146484,0.003998994827270508
478,7,8,0.0,0.0,0.0010411739349365234,0.0030367374420166016
479,3,30,0.0,0.0,0.0009975433349609375,0.0050008296966552734
480,9,26,0.0010004043579101562,0.0010004043579101562,0.0009632110595703125,0.005001544952392578
481,13,56,0.0009958744049072266,0.0009958744049072266,0.0020003318786621094,0.009999990463256836
482,13,57,0.0010023117065429688,0.0010023117065429688,0.0009975433349609375,0.0069997310638427734
483,14,20,0.00099945068359375,0.00099945068359375,0.0,0.003996133804321289
484,5,26,0.0010025501251220703,0.0010025501251220703,0.001001119613647461,0.00400090217590332
485,10,46,0.0009992122650146484,0.0009992122650146484,0.0009987354278564453,0.004999876022338867
486,8,28,0.0010025501251220703,0.0010025501251220703,0.0009970664978027344,0.00400090217590332
487,3,31,0.0010013580322265625,0.0010013580322265625,0.0009975433349609375,0.005960702896118164
488,1,41,0.0010006427764892578,0.0010006427764892578,0.00099945068359375,0.003999948501586914
489,6,16,0.0,0.0,0.001001119613647461,0.004037141799926758
490,3,32,0.0,0.0,0.0010018348693847656,0.00601649284362793
491,10,47,0.00098419189453125,0.00098419189453125,0.00099945068359375,0.006000041961669922
492,13,58,0.0020008087158203125,0.0020008087158203125,0.00099945068359375,0.007997274398803711
493,3,33,0.003003358840942383,0.003003358840942383,0.0009992122650146484,0.011996269226074219
494,7,9,0.0009984970092773438,0.0,0.0,0.0019998550415039062
495,13,59,0.001001119613647461,0.001001119613647461,0.0009989738464355469,0.007999658584594727
496,9,27,0.0010008811950683594,0.0010008811950683594,0.0,0.003999948501586914
497,3,34,0.0010006427764892578,0.0010006427764892578,0.00099945068359375,0.00599980354309082
498,1,42,0.0,0.0,0.0009999275207519531,0.004000663757324219
499,12,27,0.0009992122650146484,0.0009992122650146484,0.0009999275207519531,0.0070378780364990234
500,11,18,0.0,0.0,0.0,0.0029981136322021484
501,2,11,0.0,0.0,0.0,0.002997159957885742
502,1,43,0.0010025501251220703,0.0010025501251220703,0.0010025501251220703,0.004997968673706055
503,16,13,0.0,0.0,0.0,0.001999378204345703
504,16,14,0.0,0.0,0.0,0.0009996891021728516
505,15,17,0.0,0.0,0.0010013580322265625,0.003999471664428711
506,8,29,0.00099945068359375,0.00099945068359375,0.0,0.0039997100830078125
507,13,60,0.002000570297241211,0.002000570297241211,0.00099945068359375,0.009376287460327148
508,11,19,0.0,0.0,0.0010008811950683594,0.003000020980834961
509,9,28,0.0,0.0,0.002001523971557617,0.004999876022338867
510,5,27,0.0,0.0,0.0010013580322265625,0.003999948501586914
511,13,61,0.002003192901611328,0.002003192901611328,0.0019960403442382812,0.008001565933227539
512,1,44,0.0009984970092773438,0.0009984970092773438,0.0010006427764892578,0.004000186920166016
513,9,29,0.0010144710540771484,0.0010144710540771484,0.0,0.004996299743652344
514,10,48,0.0010006427764892578,0.0010006427764892578,0.0010001659393310547,0.005030632019042969
515,6,17,0.001003265380859375,0.001003265380859375,0.0,0.002004861831665039
516,12,28,0.000997781753540039,0.000997781753540039,0.0009989738464355469,0.006985664367675781
517,10,49,0.0010001659393310547,0.0010001659393310547,0.001003265380859375,0.006003856658935547
518,4,31,0.0009646415710449219,0.0009646415710449219,0.001049041748046875,0.005962371826171875
519,15,18,0.0009992122650146484,0.0009992122650146484,0.0,0.0050013065338134766
520,15,19,0.0,0.0,0.00099945068359375,0.0039980411529541016
521,10,50,0.0020017623901367188,0.0020017623901367188,0.0009987354278564453,0.0070035457611083984
522,10,51,0.0010023117065429688,0.0010023117065429688,0.000997781753540039,0.006999969482421875
523,12,29,0.0,0.0,0.0010006427764892578,0.007006406784057617
524,13,62,0.0039920806884765625,0.0039920806884765625,0.001997709274291992,0.013018369674682617
525,14,21,0.0,0.0,0.0010023117065429688,0.005963802337646484
526,10,52,0.002035856246948242,0.002035856246948242,0.0029993057250976562,0.0060346126556396484
527,13,63,0.0019998550415039062,0.0019998550415039062,0.0010001659393310547,0.010962247848510742
528,4,32,0.0009987354278564453,0.0009987354278564453,0.0009996891021728516,0.0070040225982666016
529,1,45,0.0010368824005126953,0.0010368824005126953,0.0019998550415039062,0.003999233245849609
530,9,30,0.0009982585906982422,0.0009982585906982422,0.0,0.00696563720703125
531,4,33,0.0010008811950683594,0.0010008811950683594,0.00099945068359375,0.006999969482421875
532,3,35,0.0010004043579101562,0.0010004043579101562,0.0009996891021728516,0.006036281585693359
533,4,34,0.0010001659393310547,0.0010001659393310547,0.00099945068359375,0.006966352462768555
534,14,22,0.0,0.0,0.000997781753540039,0.005000114440917969
535,4,35,0.0,0.0,0.0010004043579101562,0.011043787002563477
536,2,12,0.000995635986328125,0.000995635986328125,0.0,0.0029964447021484375
537,1,46,0.0010020732879638672,0.0010020732879638672,0.0009968280792236328,0.004997968673706055
538,8,30,0.0009992122650146484,0.0009992122650146484,0.0010001659393310547,0.003995418548583984
539,13,64,0.002000570297241211,0.002000570297241211,0.0010013580322265625,0.021170377731323242
540,11,20,0.0009198188781738281,0.0009198188781738281,0.0009462833404541016,0.00299835205078125
541,2,13,0.0,0.0,0.0010862350463867188,0.0049898624420166016
542,12,30,0.00099945068359375,0.00099945068359375,0.0009989738464355469,0.007000446319580078
543,8,31,0.0009691715240478516,0.0009691715240478516,0.001046895980834961,0.0049970149993896484
544,11,21,0.0,0.0,0.0010075569152832031,0.009116411209106445
545,1,47,0.0008535385131835938,0.0008535385131835938,0.000993967056274414,0.0070073604583740234
546,5,28,0.0019927024841308594,0.0019927024841308594,0.0,0.007003068923950195
547,14,23,0.0,0.0,0.0010514259338378906,0.005999326705932617
548,5,29,0.0009999275207519531,0.0009999275207519531,0.0,0.014000892639160156
549,15,20,0.0009980201721191406,0.0009980201721191406,0.00099945068359375,0.005001544952392578
550,10,53,0.001999378204345703,0.0019288063049316406,0.001999378204345703,0.006028413772583008
551,5,30,0.0010025501251220703,0.0010025501251220703,0.0009677410125732422,0.005999088287353516
552,13,65,0.002001047134399414,0.002001047134399414,0.001964092254638672,0.008999109268188477
553,10,54,0.0020017623901367188,0.0020017623901367188,0.00099945068359375,0.008966684341430664
554,6,18,0.0,0.0,0.0010366439819335938,0.003031015396118164
555,3,36,0.0009632110595703125,0.0009632110595703125,0.0009965896606445312,0.007997512817382812
556,12,31,0.0010023117065429688,0.0010023117065429688,0.000997781753540039,0.006998300552368164
557,8,32,0.0010006427764892578,0.0010006427764892578,0.0,0.007018327713012695
558,7,10,0.0,0.0,0.0009872913360595703,0.0030028820037841797
559,3,37,0.0009968280792236328,0.0009968280792236328,0.002012968063354492,0.009001493453979492
560,9,31,0.0020198822021484375,0.0020198822021484375,0.001991748809814453,0.006001710891723633
561,13,66,0.002019166946411133,0.002019166946411133,0.0019783973693847656,0.008993148803710938
562,9,32,0.0,0.0,0.0010046958923339844,0.006003379821777344
563,14,24,0.0009961128234863281,0.0009961128234863281,0.0,0.003983736038208008
564,5,31,0.0010046958923339844,0.0010046958923339844,0.0009951591491699219,0.00900125503540039
565,10,55,0.0009639263153076172,0.0009639263153076172,0.001035451889038086,0.011975526809692383
566,8,33,0.00099945068359375,0.00099945068359375,0.001993417739868164,0.00898432731628418
567,3,38,0.001001119613647461,0.001001119613647461,0.0009987354278564453,0.010004520416259766
568,1,48,0.0019991397857666016,0.0019991397857666016,0.0009996891021728516,0.006261348724365234
569,2,14,0.0007402896881103516,0.0,0.00099945068359375,0.00399327278137207
570,3,39,0.0010004043579101562,0.0010004043579101562,0.0010013580322265625,0.009980440139770508
571,10,56,0.003000020980834961,0.003000020980834961,0.0010001659393310547,0.010041475296020508
572,13,67,0.0009965896606445312,0.0009965896606445312,0.0020020008087158203,0.009758472442626953
573,3,40,0.0010030269622802734,0.0010030269622802734,0.0009980201721191406,0.007996559143066406
574,7,11,0.0,0.0,0.0,0.0030007362365722656
575,13,68,0.00099945068359375,0.00099945068359375,0.0019998550415039062,0.010001182556152344
576,9,33,0.0010006427764892578,0.0010006427764892578,0.0009996891021728516,0.0069997310638427734
577,3,41,0.001001119613647461,0.001001119613647461,0.0009992122650146484,0.007999897003173828
578,1,49,0.0010371208190917969,0.0010371208190917969,0.001998424530029297,0.00498509407043457
579,12,32,0.0010025501251220703,0.0010025501251220703,0.0,0.0069959163665771484
580,11,22,0.0010685920715332031,0.0010685920715332031,0.0009000301361083984,0.003032207489013672
581,1,50,0.0010037422180175781,0.0010037422180175781,0.0010004043579101562,0.0049974918365478516
582,1,51,0.0019998550415039062,0.0019998550415039062,0.0010006427764892578,0.008937835693359375
583,16,15,0.0010077953338623047,0.0,0.0,0.009001016616821289
584,16,16,0.0010304450988769531,0.0010304450988769531,0.0010008811950683594,0.0019981861114501953
585,15,21,0.0,0.0,0.0020012855529785156,0.0069980621337890625
586,8,34,0.0010008811950683594,0.0010008811950683594,0.0019989013671875,0.006032466888427734
587,13,69,0.000997781753540039,0.000997781753540039,0.002005338668823242,0.014962911605834961
588,11,23,0.0010001659393310547,0.0010001659393310547,0.0,0.006036996841430664
589,9,34,0.0,0.0,0.0010006427764892578,0.005997657775878906
590,5,32,0.0010042190551757812,0.0010042190551757812,0.0,0.004999637603759766
591,13,70,0.0019989013671875,0.0019989013671875,0.001003265380859375,0.009986162185668945
592,1,52,0.0010027885437011719,0.0010027885437011719,0.0009646415710449219,0.004998207092285156
593,9,35,0.0020051002502441406,0.0020051002502441406,0.0019998550415039062,0.005963563919067383
594,10,57,0.0019989013671875,0.0019989013671875,0.0010018348693847656,0.009998798370361328
595,6,19,0.0,0.0,0.0010004043579101562,0.0039997100830078125
596,12,33,0.002000093460083008,0.002000093460083008,0.0,0.009000062942504883
597,10,58,0.0020389556884765625,0.0020389556884765625,0.000997781753540039,0.009016036987304688
598,4,36,0.0009832382202148438,0.0009832382202148438,0.0010128021240234375,0.008035898208618164
599,15,22,0.0010013580322265625,0.0010013580322265625,0.0,0.008072137832641602
600,15,23,0.0009253025054931641,0.0009253025054931641,0.0009999275207519531,0.00599980354309082
601,10,59,0.004010200500488281,0.004010200500488281,0.0029904842376708984,0.011996746063232422
602,10,60,0.0009996891021728516,0.0009996891021728516,0.0020112991333007812,0.010004997253417969
603,12,34,0.0010037422180175781,0.0010037422180175781,0.0009951591491699219,0.009038209915161133
604,13,71,0.002070188522338867,0.002070188522338867,0.0018925666809082031,0.00899648666381836
605,14,25,0.0010004043579101562,0.0010004043579101562,0.002003908157348633,0.003999233245849609
606,10,61,0.0010540485382080078,0.0010540485382080078,0.0019462108612060547,0.010000467300415039
607,13,72,0.0030586719512939453,0.0030586719512939453,0.0009794235229492188,0.009998798370361328
608,4,37,0.0010008811950683594,0.0010008811950683594,0.0010056495666503906,0.007963895797729492
609,1,53,0.001035928726196289,0.001035928726196289,0.0020003318786621094,0.010036945343017578
610,9,36,0.0019965171813964844,0.0019965171813964844,0.0009975433349609375,0.009001493453979492
611,4,38,0.0046541690826416016,0.0046541690826416016,0.00099945068359375,0.012038230895996094
612,3,42,0.000997781753540039,0.000997781753540039,0.0009989738464355469,0.008972644805908203
613,4,39,0.0010256767272949219,0.0010256767272949219,0.0010159015655517578,0.007998943328857422
614,14,26,0.0010006427764892578,0.0010006427764892578,0.0020186901092529297,0.004998683929443359
615,4,40,0.0010001659393310547,0.0010001659393310547,0.0010001659393310547,0.010036468505859375
616,2,15,0.0,0.0,0.0,0.0029973983764648438
617,1,54,0.0010008811950683594,0.0010008811950683594,0.0022268295288085938,0.004962444305419922
618,8,35,0.0010347366333007812,0.0010347366333007812,0.0010025501251220703,0.007985591888427734
619,13,73,0.002001523971557617,0.002001523971557617,0.0019953250885009766,0.009999752044677734
620,11,24,0.0010020732879638672,0.0010020732879638672,0.0,0.00400233268737793
621,2,16,0.0,0.0,0.0009999275207519531,0.004233837127685547
622,12,35,0.0019202232360839844,0.0013768672943115234,0.0008692741394042969,0.007964611053466797
623,8,36,0.0009999275207519531,0.0009999275207519531,0.0009996891021728516,0.005999088287353516
624,16,17,0.0,0.0,0.00099945068359375,0.002996206283569336
625,1,55,0.0010023117065429688,0.0010023117065429688,0.0019631385803222656,0.00500035285949707
626,5,33,0.0012085437774658203,0.0012085437774658203,0.0007927417755126953,0.006004810333251953
627,14,27,0.0009961128234863281,0.0009961128234863281,0.0,0.007007598876953125
628,5,34,0.0010309219360351562,0.0010309219360351562,0.001001596450805664,0.008034467697143555
629,15,24,0.0009999275207519531,0.0009999275207519531,0.0,0.0069768428802490234
630,10,62,0.0020227432250976562,0.0020227432250976562,0.0010025501251220703,0.0320439338684082
631,5,35,0.00099945068359375,0.00099945068359375,0.0009999275207519531,0.0070383548736572266
632,13,74,0.0019974708557128906,0.0019974708557128906,0.002000093460083008,0.01108860969543457
633,10,63,0.0009138584136962891,0.0009138584136962891,0.0020041465759277344,0.014997005462646484
634,6,20,0.0,0.0,0.0009987354278564453,0.003000497817993164
635,3,43,0.0010061264038085938,0.0010061264038085938,0.0009989738464355469,0.007949590682983398
636,12,36,0.001001119613647461,0.001001119613647461,0.0009996891021728516,0.00899958610534668
637,8,37,0.002000093460083008,0.002000093460083008,0.0,0.008000612258911133
638,7,12,0.001004934310913086,0.001004934310913086,0.0,0.006999492645263672
639,2,17,0.0010025501251220703,0.0010025501251220703,0.00099945068359375,0.00400233268737793
640,9,37,0.0009984970092773438,0.0009984970092773438,0.0009992122650146484,0.007963418960571289
641,13,75,0.0019991397857666016,0.0019991397857666016,0.0009989738464355469,0.011001825332641602
642,9,38,0.002000093460083008,0.002000093460083008,0.0009992122650146484,0.01100015640258789
643,14,28,0.0010328292846679688,0.0010328292846679688,0.0010027885437011719,0.005000591278076172
644,5,36,0.0010018348693847656,0.0010018348693847656,0.0009980201721191406,0.007002353668212891
645,10,64,0.000997781753540039,0.000997781753540039,0.001971721649169922,0.012964725494384766
646,8,38,0.0010006427764892578,0.0010006427764892578,0.0009999275207519531,0.009000539779663086
647,3,44,0.002001047134399414,0.002001047134399414,0.0010504722595214844,0.009962797164916992
648,1,56,0.0010380744934082031,0.0010380744934082031,0.002036571502685547,0.00900721549987793
649,2,18,0.0009701251983642578,0.0009701251983642578,0.0009922981262207031,0.0049991607666015625
650,3,45,0.001001119613647461,0.001001119613647461,0.0019989013671875,0.010003089904785156
651,10,65,0.002000093460083008,0.002000093460083008,0.0020592212677001953,0.012001991271972656
652,13,76,0.002034425735473633,0.002034425735473633,0.0010008811950683594,0.01396632194519043
653,3,46,0.0010008811950683594,0.0010008811950683594,0.0019991397857666016,0.00903773307800293
654,7,13,0.001003265380859375,0.001003265380859375,0.0,0.0030291080474853516
655,13,77,0.0019664764404296875,0.0019664764404296875,0.002035856246948242,0.010001897811889648
656,9,39,0.0009999275207519531,0.0009999275207519531,0.000995635986328125,0.005994319915771484
657,3,47,0.0010025501251220703,0.0010025501251220703,0.0010023117065429688,0.009050369262695312
658,1,57,0.000982522964477539,0.000982522964477539,0.0019998550415039062,0.010963916778564453
659,12,37,0.002033233642578125,0.002033233642578125,0.002988576889038086,0.008941650390625
660,11,25,0.0,0.0,0.0010006427764892578,0.004027366638183594
661,2,19,0.0009827613830566406,0.0009827613830566406,0.0,0.004996061325073242
662,1,58,0.0010020732879638672,0.0010020732879638672,0.002000093460083008,0.006998777389526367
663,16,18,0.0010004043579101562,0.0010004043579101562,0.0,0.004000425338745117
664,16,19,0.0,0.0,0.0009999275207519531,0.003961324691772461
665,15,25,0.0010004043579101562,0.0010004043579101562,0.0,0.004997968673706055
666,8,39,0.0010006427764892578,0.0010006427764892578,0.00099945068359375,0.00800323486328125
667,14,29,0.0010006427764892578,0.0010006427764892578,0.0009996891021728516,0.005999088287353516
668,11,26,0.0012884140014648438,0.0012884140014648438,0.00070953369140625,0.003997802734375
669,9,40,0.0010008811950683594,0.0010008811950683594,0.0009646415710449219,0.006985902786254883
670,5,37,0.001016855239868164,0.001016855239868164,0.0009839534759521484,0.006001949310302734
671,13,78,0.001995086669921875,0.001995086669921875,0.00200653076171875,0.010999441146850586
672,1,59,0.002000093460083008,0.002000093460083008,0.0010001659393310547,0.006000041961669922
673,9,41,0.0010004043579101562,0.0010004043579101562,0.0019991397857666016,0.007034778594970703
674,10,66,0.0009999275207519531,0.0009999275207519531,0.0019996166229248047,0.010998249053955078
675,6,21,0.0010006427764892578,0.0010006427764892578,0.0,0.003997802734375
676,12,38,0.001001119613647461,0.001001119613647461,0.0,0.00896143913269043
677,10,67,0.0009999275207519531,0.0009999275207519531,0.001999378204345703,0.014001846313476562
678,4,41,0.0010004043579101562,0.0010004043579101562,0.0009996891021728516,0.007999897003173828
679,16,20,0.0,0.0,0.0010004043579101562,0.006039142608642578
680,15,26,0.0,0.0,0.0009996891021728516,0.004997968673706055
681,10,68,0.001999378204345703,0.001999378204345703,0.0010037422180175781,0.01399993896484375
682,10,69,0.0020055770874023438,0.0020055770874023438,0.0020303726196289062,0.010999441146850586
683,12,39,0.0010120868682861328,0.0010120868682861328,0.0009882450103759766,0.007999897003173828
684,13,79,0.002000093460083008,0.002000093460083008,0.003039836883544922,0.01100015640258789
685,14,30,0.0,0.0,0.0010058879852294922,0.004998445510864258
686,6,22,0.00099945068359375,0.00099945068359375,0.0010004043579101562,0.006000041961669922
687,13,80,0.002001523971557617,0.002001523971557617,0.0020003318786621094,0.014070272445678711
688,4,42,0.0009942054748535156,0.0009942054748535156,0.0010030269622802734,0.009965896606445312
689,1,60,0.0010006427764892578,0.0010006427764892578,0.0009999275207519531,0.007001161575317383
690,9,42,0.0010008811950683594,0.0010008811950683594,0.0009989738464355469,0.00599980354309082
691,4,43,0.0010004043579101562,0.0010004043579101562,0.00099945068359375,0.010996103286743164
692,3,48,0.0010006427764892578,0.0010006427764892578,0.00099945068359375,0.009028434753417969
693,4,44,0.0010001659393310547,0.0010001659393310547,0.0010006427764892578,0.009965658187866211
694,14,31,0.001001596450805664,0.001001596450805664,0.0,0.007002353668212891
695,4,45,0.0010020732879638672,0.0010020732879638672,0.000997304916381836,0.011001110076904297
696,2,20,0.0009999275207519531,0.0009999275207519531,0.0009992122650146484,0.006999969482421875
697,1,61,0.0019998550415039062,0.0019998550415039062,0.003001689910888672,0.00899958610534668
698,8,40,0.0009999275207519531,0.0009999275207519531,0.0009999275207519531,0.007035493850708008
699,13,81,0.0019965171813964844,0.0019965171813964844,0.002004861831665039,0.013001203536987305
700,11,27,0.0,0.0,0.0009989738464355469,0.005002498626708984
701,2,21,0.0010001659393310547,0.0010001659393310547,0.0,0.006000518798828125
702,12,40,0.0009989738464355469,0.0009989738464355469,0.0,0.008997201919555664
703,8,41,0.0010385513305664062,0.0010385513305664062,0.0010020732879638672,0.007001161575317383
704,15,27,0.0009975433349609375,0.0009975433349609375,0.0010006427764892578,0.00699925422668457
705,1,62,0.0010039806365966797,0.0010039806365966797,0.001994609832763672,0.0070002079010009766
706,5,38,0.0009992122650146484,0.0009992122650146484,0.0009999275207519531,0.0069997310638427734
707,14,32,0.0010061264038085938,0.0010061264038085938,0.0,0.006998777389526367
708,5,39,0.0020012855529785156,0.0020012855529785156,0.0010020732879638672,0.008998870849609375
709,15,28,0.0009999275207519531,0.0009999275207519531,0.0,0.008999109268188477
710,10,70,0.0010008811950683594,0.0010008811950683594,0.0019991397857666016,0.010996341705322266
711,5,40,0.0010025501251220703,0.0010025501251220703,0.0010023117065429688,0.006003618240356445
712,13,82,0.001995086669921875,0.001995086669921875,0.002000570297241211,0.012000799179077148
713,10,71,0.0019941329956054688,0.0019941329956054688,0.0010025501251220703,0.011998653411865234
714,6,23,0.0,0.0,0.0010006427764892578,0.00599980354309082
715,3,49,0.0010001659393310547,0.0010001659393310547,0.001001119613647461,0.028038740158081055
716,12,41,0.0009999275207519531,0.0,0.000995635986328125,0.008997678756713867
717,8,42,0.0010025501251220703,0.0010025501251220703,0.000997304916381836,0.006963253021240234
718,7,14,0.0,0.0,0.0,0.003999948501586914
719,2,22,0.0010023117065429688,0.0010023117065429688,0.0,0.0060002803802490234
720,9,43,0.002003908157348633,0.002003908157348633,0.00099945068359375,0.007000923156738281
721,13,83,0.0019991397857666016,0.0019991397857666016,0.002000093460083008,0.020986557006835938
722,9,44,0.0009770393371582031,0.0009770393371582031,0.0009970664978027344,0.010004043579101562
723,14,33,0.0010325908660888672,0.0010325908660888672,0.0009968280792236328,0.005999088287353516
724,5,41,0.001001596450805664,0.001001596450805664,0.0019626617431640625,0.007997751235961914
725,10,72,0.0020003318786621094,0.0020003318786621094,0.0009999275207519531,0.018987417221069336
726,8,43,0.0010004043579101562,0.0010004043579101562,0.0009984970092773438,0.009001016616821289
727,3,50,0.001001596450805664,0.001001596450805664,0.0009987354278564453,0.014001131057739258
728,1,63,0.005110979080200195,0.005110979080200195,0.0039038658142089844,0.006999492645263672
729,2,23,0.0,0.0,0.0009968280792236328,0.009952545166015625
730,3,51,0.0009951591491699219,0.0009951591491699219,0.0010001659393310547,0.027004241943359375
731,10,73,0.002035379409790039,0.002035379409790039,0.001016378402709961,0.013996124267578125
732,13,84,0.0020012855529785156,0.0020012855529785156,0.0010006427764892578,0.013912200927734375
733,3,52,0.0009982585906982422,0.0009982585906982422,0.0019683837890625,0.009002208709716797
734,7,15,0.0009961128234863281,0.0009961128234863281,0.0,0.0059719085693359375
735,13,85,0.004359245300292969,0.004359245300292969,0.0036880970001220703,0.022994518280029297
736,9,45,0.0010013580322265625,0.0010013580322265625,0.0010001659393310547,0.009052515029907227
737,3,53,0.0029511451721191406,0.0029511451721191406,0.0010004043579101562,0.01599884033203125
738,1,64,0.0019998550415039062,0.0019998550415039062,0.0020198822021484375,0.0070002079010009766
739,12,42,0.0019998550415039062,0.0019998550415039062,0.0009999275207519531,0.008999347686767578
740,11,28,0.0010004043579101562,0.0010004043579101562,0.0,0.004998445510864258
741,2,24,0.0,0.0,0.0009999275207519531,0.006001472473144531
742,1,65,0.0009987354278564453,0.0009987354278564453,0.0019643306732177734,0.007001161575317383
743,16,21,0.0,0.0,0.000997781753540039,0.0059583187103271484
744,16,22,0.0010001659393310547,0.0010001659393310547,0.0,0.011002779006958008
745,15,29,0.0010073184967041016,0.0010073184967041016,0.0010020732879638672,0.014033317565917969
746,8,44,0.0010025501251220703,0.0010025501251220703,0.0010027885437011719,0.009963512420654297
747,10,74,0.0019981861114501953,0.0019981861114501953,0.002999544143676758,0.012996912002563477
748,11,29,0.0010006427764892578,0.0010006427764892578,0.001001119613647461,0.0060231685638427734
749,9,46,0.004064321517944336,0.004064321517944336,0.0009534358978271484,0.01195836067199707
750,5,42,0.0010006427764892578,0.0010006427764892578,0.0009996891021728516,0.00800180435180664
751,13,86,0.0019981861114501953,0.0019981861114501953,0.0019998550415039062,0.01303720474243164
752,1,66,0.0020017623901367188,0.0020017623901367188,0.0019948482513427734,0.006999969482421875
753,9,47,0.0010025501251220703,0.0010025501251220703,0.0009980201721191406,0.012006998062133789
754,10,75,0.0009951591491699219,0.0009951591491699219,0.0020003318786621094,0.01396322250366211
755,6,24,0.0010008811950683594,0.0010008811950683594,0.00099945068359375,0.0069997310638427734
756,12,43,0.0010385513305664062,0.0010385513305664062,0.0009968280792236328,0.009000778198242188
757,10,76,0.001999378204345703,0.001999378204345703,0.0020012855529785156,0.018001317977905273
758,4,46,0.0009982585906982422,0.0009982585906982422,0.0009987354278564453,0.011962175369262695
759,16,23,0.001003265380859375,0.001003265380859375,0.0,0.006979227066040039
760,15,30,0.001039266586303711,0.001039266586303711,0.0009982585906982422,0.01097249984741211
761,10,77,0.0020182132720947266,0.0020182132720947266,0.0020062923431396484,0.01400136947631836
762,10,78,0.0019986629486083984,0.0019986629486083984,0.0009980201721191406,0.012963056564331055
763,12,44,0.001001119613647461,0.001001119613647461,0.0009989738464355469,0.010053634643554688
764,13,87,0.0019910335540771484,0.0019910335540771484,0.0019936561584472656,0.01296091079711914
765,14,34,0.0010006427764892578,0.0010006427764892578,0.0,0.009011268615722656
766,6,25,0.0009932518005371094,0.0009932518005371094,0.0009982585906982422,0.009994983673095703
767,13,88,0.002000570297241211,0.002000570297241211,0.002000093460083008,0.02400827407836914
768,4,47,0.0009932518005371094,0.0009932518005371094,0.0009958744049072266,0.011043071746826172
769,1,67,0.001991748809814453,0.001991748809814453,0.0010027885437011719,0.00796365737915039
770,10,79,0.0019986629486083984,0.0019986629486083984,0.0019998550415039062,0.019005775451660156
771,4,48,0.000995635986328125,0.000995635986328125,0.0009987354278564453,0.013998746871948242
772,3,54,0.0010004043579101562,0.0010004043579101562,0.0020008087158203125,0.03899860382080078
773,4,49,0.0010008811950683594,0.0010008811950683594,0.0010035037994384766,0.017040252685546875
774,14,35,0.0010001659393310547,0.0010001659393310547,0.001003265380859375,0.009948015213012695
775,3,55,0.0010411739349365234,0.0010411739349365234,0.001956462860107422,0.01311802864074707
776,2,25,0.0009603500366210938,0.0009603500366210938,0.00099945068359375,0.008996248245239258
777,1,68,0.002038240432739258,0.002038240432739258,0.0009984970092773438,0.006999969482421875
778,8,45,0.001986265182495117,0.001986265182495117,0.0010228157043457031,0.009000539779663086
779,13,89,0.002999544143676758,0.002999544143676758,0.002960681915283203,0.0160064697265625
780,11,30,0.0010058879852294922,0.0010058879852294922,0.0009968280792236328,0.010051250457763672
781,2,26,0.0009839534759521484,0.0009839534759521484,0.0009944438934326172,0.005998373031616211
782,12,45,0.0010020732879638672,0.0010020732879638672,0.0029935836791992188,0.013039827346801758
783,8,46,0.0009946823120117188,0.0009946823120117188,0.000997781753540039,0.006985664367675781
784,15,31,0.0009768009185791016,0.0009768009185791016,0.0019958019256591797,0.012005090713500977
785,1,69,0.0010526180267333984,0.0010526180267333984,0.0019826889038085938,0.006994962692260742
786,5,43,0.003014802932739258,0.003014802932739258,0.002989530563354492,0.010959148406982422
787,14,36,0.0,0.0,0.0010008811950683594,0.008037090301513672
788,5,44,0.0010020732879638672,0.0010020732879638672,0.0009975433349609375,0.006994724273681641
789,15,32,0.001003265380859375,0.001003265380859375,0.0010023117065429688,0.00896906852722168
790,10,80,0.0019998550415039062,0.0019998550415039062,0.0019998550415039062,0.016040563583374023
791,5,45,0.000997781753540039,0.000997781753540039,0.0009999275207519531,0.007001638412475586
792,13,90,0.0019943714141845703,0.0019943714141845703,0.002965688705444336,0.01800084114074707
793,10,81,0.0020003318786621094,0.0009992122650146484,0.002999544143676758,0.017002344131469727
794,6,26,0.0010046958923339844,0.0010046958923339844,0.002032041549682617,0.009995698928833008
795,3,56,0.002000093460083008,0.002000093460083008,0.0010030269622802734,0.015004873275756836
796,12,46,0.000993967056274414,0.000993967056274414,0.0019986629486083984,0.01200103759765625
797,8,47,0.001092672348022461,0.001092672348022461,0.0030341148376464844,0.019012928009033203
798,7,16,0.0010306835174560547,0.0010306835174560547,0.0009579658508300781,0.011999130249023438
799,2,27,0.0019893646240234375,0.0019893646240234375,0.0029768943786621094,0.031801462173461914
800,9,48,0.0007357597351074219,0.0007357597351074219,0.001997709274291992,0.03416252136230469
801,13,91,0.005080461502075195,0.005080461502075195,0.0019931793212890625,0.025002479553222656
802,9,49,0.003002166748046875,0.003002166748046875,0.0010106563568115234,0.02500176429748535
803,14,37,0.002002239227294922,0.002002239227294922,0.001004934310913086,0.010988235473632812
804,5,46,0.0009970664978027344,0.0009970664978027344,0.002006053924560547,0.014006376266479492
805,10,82,0.005028247833251953,0.005028247833251953,0.005972146987915039,0.024994373321533203
806,8,48,0.0020074844360351562,0.0020074844360351562,0.0009918212890625,0.01399850845336914
807,3,57,0.0020074844360351562,0.0020074844360351562,0.002706289291381836,0.01599860191345215
808,1,70,0.003002643585205078,0.003002643585205078,0.004998207092285156,0.01767563819885254
809,2,28,0.001985788345336914,0.001985788345336914,0.002004861831665039,0.013120889663696289
810,3,58,0.001880645751953125,0.001880645751953125,0.0009996891021728516,0.01600050926208496
811,10,83,0.003000020980834961,0.003000020980834961,0.0060024261474609375,0.03399968147277832
812,13,92,0.0030014514923095703,0.0030014514923095703,0.008262872695922852,0.02989339828491211
813,3,59,0.0010018348693847656,0.0010018348693847656,0.0019991397857666016,0.01801323890686035
814,7,17,0.0009918212890625,0.0009918212890625,0.0009944438934326172,0.005002021789550781
815,13,93,0.007893562316894531,0.007893562316894531,0.0050029754638671875,0.02900099754333496
816,9,50,0.0029981136322021484,0.0029981136322021484,0.001998424530029297,0.01401519775390625
817,3,60,0.0029838085174560547,0.0029838085174560547,0.0019998550415039062,0.016976356506347656
818,1,71,0.0019986629486083984,0.0019986629486083984,0.0019998550415039062,0.008001565933227539
819,12,47,0.0010004043579101562,0.0010004043579101562,0.0019989013671875,0.011643409729003906
820,11,31,0.0,0.0,0.0009987354278564453,0.005000114440917969
821,2,29,0.0019998550415039062,0.0019998550415039062,0.0,0.027004003524780273
822,1,72,0.001996278762817383,0.001996278762817383,0.002000093460083008,0.01100015640258789
823,16,24,0.0009999275207519531,0.0009999275207519531,0.0,0.008035659790039062
824,16,25,0.0,0.0,0.001001119613647461,0.011962175369262695
825,15,33,0.0010027885437011719,0.0010027885437011719,0.0,0.012996196746826172
826,8,49,0.0019998550415039062,0.0009999275207519531,0.0010004043579101562,0.0070018768310546875
827,10,84,0.0020012855529785156,0.0020012855529785156,0.002003192901611328,0.013999462127685547
828,11,32,0.0009980201721191406,0.0009980201721191406,0.0010023117065429688,0.005002737045288086
829,5,47,0.0009641647338867188,0.0009641647338867188,0.0010137557983398438,0.011038541793823242
830,5,48,0.000997781753540039,0.000997781753540039,0.0020003318786621094,0.00799870491027832
831,13,94,0.0020003318786621094,0.0020003318786621094,0.0019998550415039062,0.014960765838623047
832,1,73,0.0019998550415039062,0.0019998550415039062,0.0010001659393310547,0.006999492645263672
833,9,51,0.0020003318786621094,0.0020003318786621094,0.0010023117065429688,0.011004924774169922
834,10,85,0.001995563507080078,0.001995563507080078,0.0019996166229248047,0.013998985290527344
835,7,18,0.0,0.0,0.0010008811950683594,0.004998922348022461
836,12,48,0.0010004043579101562,0.0010004043579101562,0.002002716064453125,0.014002323150634766
837,10,86,0.001997709274291992,0.001997709274291992,0.003000020980834961,0.014037370681762695
838,4,50,0.0010027885437011719,0.0010027885437011719,0.0019974708557128906,0.011002540588378906
839,16,26,0.0010025501251220703,0.0010025501251220703,0.0009987354278564453,0.006999492645263672
840,15,34,0.0,0.0,0.0010006427764892578,0.009000062942504883
841,10,87,0.0020017623901367188,0.0020017623901367188,0.002013683319091797,0.015960216522216797
842,10,88,0.0020003318786621094,0.0020003318786621094,0.001999378204345703,0.013997077941894531
843,12,49,0.0020003318786621094,0.0020003318786621094,0.001001119613647461,0.009999275207519531
844,13,95,0.0019998550415039062,0.0019998550415039062,0.003001689910888672,0.013002157211303711
845,14,38,0.0009989738464355469,0.0009989738464355469,0.0009992122650146484,0.0069997310638427734
846,6,27,0.0,0.0,0.0010001659393310547,0.00976252555847168
847,13,96,0.004175424575805664,0.004175424575805664,0.003747224807739258,0.02599930763244629
848,4,51,0.0009989738464355469,0.0009989738464355469,0.0009987354278564453,0.015018939971923828
849,1,74,0.003981113433837891,0.003981113433837891,0.0010008811950683594,0.009936332702636719
850,10,89,0.0020003318786621094,0.0020003318786621094,0.0019996166229248047,0.01400136947631836
851,4,52,0.001999378204345703,0.001999378204345703,0.0009999275207519531,0.0109710693359375
852,3,61,0.0020017623901367188,0.0020017623901367188,0.001001119613647461,0.01203608512878418
853,4,53,0.0009646415710449219,0.0009646415710449219,0.001998424530029297,0.017963171005249023
854,14,39,0.0022635459899902344,0.0022635459899902344,0.0027484893798828125,0.012993335723876953
855,3,62,0.0019996166229248047,0.0019996166229248047,0.004999399185180664,0.012963533401489258
856,2,30,0.0010001659393310547,0.0010001659393310547,0.0010561943054199219,0.013071060180664062
857,1,75,0.0029337406158447266,0.0029337406158447266,0.0019958019256591797,0.014002084732055664
858,8,50,0.0009987354278564453,0.0009987354278564453,0.0019996166229248047,0.009001493453979492
859,13,97,0.002995729446411133,0.002995729446411133,0.0020008087158203125,0.019002199172973633
860,11,33,0.002996683120727539,0.002996683120727539,0.004036664962768555,0.004999637603759766
861,2,31,0.0010006427764892578,0.0010006427764892578,0.0010023117065429688,0.010999202728271484
862,12,50,0.0010008811950683594,0.0010008811950683594,0.0010030269622802734,0.03846859931945801
863,8,51,0.0019996166229248047,0.0019996166229248047,0.001999378204345703,0.008038043975830078
864,15,35,0.001972675323486328,0.001972675323486328,0.0009868144989013672,0.009000062942504883
865,1,76,0.0010006427764892578,0.0010006427764892578,0.0030040740966796875,0.010000467300415039
866,5,49,0.0010006427764892578,0.0010006427764892578,0.002012968063354492,0.014002799987792969
867,14,40,0.00099945068359375,0.00099945068359375,0.005057811737060547,0.00999593734741211
868,5,50,0.0010023117065429688,0.0010023117065429688,0.0010006427764892578,0.008998870849609375
869,15,36,0.0010006427764892578,0.0010006427764892578,0.0009996891021728516,0.010001182556152344
870,10,90,0.004301548004150391,0.004301548004150391,0.0047109127044677734,0.016032934188842773
871,5,51,0.002000570297241211,0.0009963512420654297,0.0009958744049072266,0.007985115051269531
872,13,98,0.004002094268798828,0.004002094268798828,0.0019681453704833984,0.015035152435302734
873,10,91,0.0020008087158203125,0.0020008087158203125,0.0019989013671875,0.017999649047851562
874,6,28,0.0009999275207519531,0.0009999275207519531,0.0,0.007999658584594727
875,3,63,0.0030014514923095703,0.0030014514923095703,0.0019998550415039062,0.019003868103027344
876,12,51,0.003997802734375,0.003000497817993164,0.004999399185180664,0.014980316162109375
877,8,52,0.0029985904693603516,0.0029985904693603516,0.002010345458984375,0.02102375030517578
878,7,19,0.000982046127319336,0.000982046127319336,0.0,0.0069997310638427734
879,2,32,0.002000093460083008,0.002000093460083008,0.0010128021240234375,0.00799870491027832
880,9,52,0.0009999275207519531,0.0009999275207519531,0.0009999275207519531,0.0160369873046875
881,13,99,0.0025815963745117188,0.0025815963745117188,0.003003358840942383,0.018642663955688477
882,9,53,0.0009982585906982422,0.0009982585906982422,0.0019614696502685547,0.013003349304199219
883,14,41,0.0010018348693847656,0.0010018348693847656,0.0009975433349609375,0.010035037994384766
884,5,52,0.001971721649169922,0.001971721649169922,0.0010800361633300781,0.0069637298583984375
885,10,92,0.0029993057250976562,0.0029993057250976562,0.001999378204345703,0.015000343322753906
886,8,53,0.0020008087158203125,0.0020008087158203125,0.0010001659393310547,0.009005069732666016
887,3,64,0.0009982585906982422,0.0009982585906982422,0.0019996166229248047,0.015994548797607422
888,1,77,0.0030035972595214844,0.0030035972595214844,0.0029973983764648438,0.007999897003173828
889,2,33,0.001001596450805664,0.001001596450805664,0.0019998550415039062,0.008037090301513672
890,3,65,0.000997781753540039,0.000997781753540039,0.0019724369049072266,0.011997699737548828
891,10,93,0.002496957778930664,0.002496957778930664,0.0020360946655273438,0.01600027084350586
892,13,100,0.002996683120727539,0.002996683120727539,0.002974987030029297,0.01299905776977539
893,3,66,0.002998828887939453,0.002998828887939453,0.0010008811950683594,0.01595783233642578
894,7,20,0.0,0.0,0.0010006427764892578,0.009008646011352539
895,13,101,0.003992319107055664,0.003992319107055664,0.0019986629486083984,0.01703953742980957
896,9,54,0.0010008811950683594,0.0010008811950683594,0.0020012855529785156,0.03199648857116699
897,3,67,0.0020034313201904297,0.0020034313201904297,0.001999378204345703,0.013002634048461914
898,1,78,0.0019969940185546875,0.0019969940185546875,0.0019998550415039062,0.008957624435424805
899,12,52,0.0010030269622802734,0.0010030269622802734,0.0019979476928710938,0.012003660202026367
900,11,34,0.0010001659393310547,0.0010001659393310547,0.0010004043579101562,0.008999347686767578
901,2,34,0.0010004043579101562,0.0010004043579101562,0.0009999275207519531,0.012002229690551758
902,1,79,0.0020482540130615234,0.0020482540130615234,0.001986265182495117,0.009996652603149414
903,16,27,0.0,0.0,0.0010023117065429688,0.008960962295532227
904,16,28,0.0010006427764892578,0.0010006427764892578,0.0,0.008001565933227539
905,15,37,0.0030028820037841797,0.0030028820037841797,0.0,0.012003660202026367
906,4,54,0.0010499954223632812,0.0010499954223632812,0.0019855499267578125,0.012958288192749023
907,10,94,0.002999544143676758,0.002999544143676758,0.0020008087158203125,0.01900196075439453
908,11,35,0.002001047134399414,0.002001047134399414,0.0009999275207519531,0.004999876022338867
909,9,55,0.0019996166229248047,0.0019996166229248047,0.0009999275207519531,0.017037630081176758
910,5,53,0.0010035037994384766,0.0010035037994384766,0.0009963512420654297,0.009965658187866211
911,13,102,0.0019989013671875,0.0019989013671875,0.0039975643157958984,0.013996601104736328
912,1,80,0.002000093460083008,0.002000093460083008,0.0019996166229248047,0.007038593292236328
913,9,56,0.0019991397857666016,0.0019991397857666016,0.0010001659393310547,0.019001483917236328
914,10,95,0.006000041961669922,0.006000041961669922,0.0029973983764648438,0.017961502075195312
915,6,29,0.0010001659393310547,0.0010001659393310547,0.0009999275207519531,0.013000726699829102
916,12,53,0.001999378204345703,0.001999378204345703,0.0009999275207519531,0.012031793594360352
917,10,96,0.002999544143676758,0.002999544143676758,0.003964900970458984,0.01599740982055664
918,4,55,0.0020020008087158203,0.0020020008087158203,0.0009989738464355469,0.011998414993286133
919,16,29,0.0009779930114746094,0.0009779930114746094,0.0010006427764892578,0.009037256240844727
920,15,38,0.0,0.0,0.0009996891021728516,0.010999441146850586
921,10,97,0.002015352249145508,0.002015352249145508,0.001986265182495117,0.020200490951538086
922,10,98,0.001996278762817383,0.001996278762817383,0.006111860275268555,0.021994352340698242
923,12,54,0.003999471664428711,0.003014087677001953,0.0029625892639160156,0.015003681182861328
924,13,103,0.00299835205078125,0.00299835205078125,0.0029990673065185547,0.017036914825439453
925,14,42,0.00099945068359375,0.00099945068359375,0.00099945068359375,0.008005857467651367
926,6,30,0.0010001659393310547,0.0010001659393310547,0.0009868144989013672,0.027039527893066406
927,13,104,0.0029997825622558594,0.0029997825622558594,0.0030012130737304688,0.015000104904174805
928,4,56,0.002962827682495117,0.002962827682495117,0.0030050277709960938,0.022032737731933594
929,1,81,0.001997709274291992,0.001997709274291992,0.0020036697387695312,0.009959697723388672
930,10,99,0.0030007362365722656,0.0030007362365722656,0.0019991397857666016,0.024001359939575195
931,4,57,0.0009992122650146484,0.0009992122650146484,0.0019998550415039062,0.013038158416748047
932,3,68,0.0010137557983398438,0.0010137557983398438,0.0029494762420654297,0.01899242401123047
933,4,58,0.004045248031616211,0.004045248031616211,0.0019855499267578125,0.015960693359375
934,14,43,0.0010006427764892578,0.0010006427764892578,0.0009996891021728516,0.009050369262695312
935,4,59,0.0019860267639160156,0.0019860267639160156,0.0010013580322265625,0.020452260971069336
936,2,35,0.0009987354278564453,0.0009987354278564453,0.0009999275207519531,0.010004043579101562
937,1,82,0.0023407936096191406,0.0023407936096191406,0.0030303001403808594,0.012893199920654297
938,8,54,0.002999544143676758,0.002999544143676758,0.00405120849609375,0.008999824523925781
939,13,105,0.002000093460083008,0.002000093460083008,0.0070002079010009766,0.019999980926513672
940,11,36,0.0010006427764892578,0.0010006427764892578,0.0010001659393310547,0.00500035285949707
941,2,36,0.0010004043579101562,0.0010004043579101562,0.0009992122650146484,0.012000083923339844
942,12,55,0.0009999275207519531,0.0009999275207519531,0.0010004043579101562,0.01300358772277832
943,8,55,0.0019638538360595703,0.0019638538360595703,0.002444744110107422,0.022544145584106445
944,15,39,0.0019845962524414062,0.0019845962524414062,0.000997781753540039,0.016037940979003906
945,1,83,0.008053064346313477,0.008053064346313477,0.002946138381958008,0.014997005462646484
946,5,54,0.002004384994506836,0.002004384994506836,0.0009961128234863281,0.009037017822265625
947,14,44,0.0009996891021728516,0.0009996891021728516,0.0010035037994384766,0.009999513626098633
948,5,55,0.0009996891021728516,0.0009996891021728516,0.001999378204345703,0.009930849075317383
949,15,40,0.0010004043579101562,0.0010004043579101562,0.00099945068359375,0.013002634048461914
950,10,100,0.002999544143676758,0.002999544143676758,0.0019974708557128906,0.017999649047851562
951,5,56,0.002000570297241211,0.002000570297241211,0.0009999275207519531,0.010037899017333984
952,13,106,0.0030031204223632812,0.0030031204223632812,0.0019936561584472656,0.01797032356262207
953,10,101,0.005028963088989258,0.005028963088989258,0.0020036697387695312,0.02596449851989746
954,6,31,0.0010006427764892578,0.0010006427764892578,0.0,0.00898599624633789
955,3,69,0.0019996166229248047,0.0019996166229248047,0.002000093460083008,0.014002084732055664
956,12,56,0.002040863037109375,0.002040863037109375,0.0009961128234863281,0.012014627456665039
957,8,56,0.001985311508178711,0.001985311508178711,0.0010027885437011719,0.029786348342895508
958,7,21,0.0010001659393310547,0.0010001659393310547,0.0009996891021728516,0.011004209518432617
959,2,37,0.0009989738464355469,0.0009989738464355469,0.003020763397216797,0.007999658584594727
960,9,57,0.0019998550415039062,0.0019998550415039062,0.0010001659393310547,0.013957738876342773
961,13,107,0.0020384788513183594,0.0020384788513183594,0.0029981136322021484,0.0159604549407959
962,9,58,0.0020003318786621094,0.0020003318786621094,0.0010004043579101562,0.011998653411865234
963,14,45,0.0010006427764892578,0.0010006427764892578,0.00099945068359375,0.009035825729370117
964,5,57,0.0010004043579101562,0.0010004043579101562,0.0010001659393310547,0.008959293365478516
965,10,102,0.0019998550415039062,0.0019998550415039062,0.0029997825622558594,0.015999555587768555
966,8,57,0.0010006427764892578,0.0010006427764892578,0.0019991397857666016,0.015038490295410156
967,3,70,0.004000186920166016,0.004000186920166016,0.0031545162200927734,0.01400136947631836
968,1,84,0.00203704833984375,0.00203704833984375,0.002001523971557617,0.008962631225585938
969,2,38,0.00099945068359375,0.00099945068359375,0.0010023117065429688,0.007999658584594727
970,3,71,0.003003358840942383,0.003003358840942383,0.001998424530029297,0.01903510093688965
971,10,103,0.0020012855529785156,0.0020012855529785156,0.002964496612548828,0.016963720321655273
972,13,108,0.003000020980834961,0.003000020980834961,0.003000020980834961,0.018000364303588867
973,3,72,0.0019991397857666016,0.0019991397857666016,0.0019974708557128906,0.012999773025512695
974,7,22,0.0,0.0,0.0010004043579101562,0.008002281188964844
975,13,109,0.00299835205078125,0.00299835205078125,0.001999378204345703,0.016000032424926758
976,9,59,0.0010013580322265625,0.0010013580322265625,0.0019998550415039062,0.017963171005249023
977,4,60,0.0019981861114501953,0.0019981861114501953,0.0009999275207519531,0.012999534606933594
978,1,85,0.002000093460083008,0.002000093460083008,0.0010008811950683594,0.009999275207519531
979,12,57,0.0019998550415039062,0.0019998550415039062,0.0010004043579101562,0.014001607894897461
980,11,37,0.0010004043579101562,0.0010004043579101562,0.001999378204345703,0.007999181747436523
981,2,39,0.0010008811950683594,0.0010008811950683594,0.0,0.009041547775268555
982,1,86,0.0019979476928710938,0.0019979476928710938,0.002000093460083008,0.010000467300415039
983,16,30,0.0010001659393310547,0.0010001659393310547,0.0,0.009014129638671875
984,16,31,0.0009500980377197266,0.0009500980377197266,0.0,0.008000373840332031
985,15,41,0.0010020732879638672,0.0010020732879638672,0.0009975433349609375,0.011001825332641602
986,4,61,0.000997304916381836,0.000997304916381836,0.0030977725982666016,0.012000799179077148
987,10,104,0.0029993057250976562,0.0029993057250976562,0.002000093460083008,0.019042015075683594
988,11,38,0.0009975433349609375,0.0009975433349609375,0.0009965896606445312,0.005963563919067383
989,9,60,0.002000093460083008,0.002000093460083008,0.0020017623901367188,0.033002376556396484
990,5,58,0.0009980201721191406,0.0009980201721191406,0.0020303726196289062,0.011050701141357422
991,13,110,0.00488591194152832,0.00488591194152832,0.003998517990112305,0.017000198364257812
992,1,87,0.0019998550415039062,0.0019998550415039062,0.0019998550415039062,0.010057210922241211
993,9,61,0.0019428730010986328,0.0019428730010986328,0.002008199691772461,0.013967275619506836
994,10,105,0.004000663757324219,0.004000663757324219,0.005036592483520508,0.03000164031982422
995,7,23,0.0,0.0,0.0009992122650146484,0.008998394012451172
996,12,58,0.001001596450805664,0.001001596450805664,0.0019996166229248047,0.01699995994567871
997,10,106,0.004038572311401367,0.004038572311401367,0.0029959678649902344,0.021999597549438477
998,4,62,0.0019991397857666016,0.0019991397857666016,0.001965761184692383,0.013001441955566406
999,16,32,0.0009961128234863281,0.0009961128234863281,0.0,0.011965274810791016
1000,15,42,0.0020046234130859375,0.0020046234130859375,0.000997781753540039,0.016047954559326172
1001,10,107,0.0019855499267578125,0.0019855499267578125,0.0061740875244140625,0.018999814987182617
1002,10,108,0.002999544143676758,0.002999544143676758,0.004998683929443359,0.021030664443969727
1003,12,59,0.001961946487426758,0.001961946487426758,0.0009987354278564453,0.013000249862670898
1004,13,111,0.0029993057250976562,0.0029993057250976562,0.0020003318786621094,0.01699995994567871
1005,14,46,0.0017578601837158203,0.0017578601837158203,0.0012431144714355469,0.007997751235961914
1006,6,32,0.0010025501251220703,0.0010025501251220703,0.0009975433349609375,0.009000301361083984
1007,13,112,0.0029997825622558594,0.0029997825622558594,0.002000093460083008,0.014996051788330078
1008,4,63,0.0019059181213378906,0.0019059181213378906,0.0019989013671875,0.015999555587768555
1009,1,88,0.002001523971557617,0.002001523971557617,0.001998424530029297,0.012769937515258789
1010,10,109,0.002037525177001953,0.002037525177001953,0.004964113235473633,0.018999814987182617
1011,4,64,0.0019979476928710938,0.0019979476928710938,0.0009999275207519531,0.019997119903564453
1012,3,73,0.002000570297241211,0.002000570297241211,0.0020017623901367188,0.01881694793701172
1013,4,65,0.0019986629486083984,0.0019986629486083984,0.0010020732879638672,0.014999151229858398
1014,14,47,0.0010004043579101562,0.0010004043579101562,0.001001596450805664,0.036997318267822266
1015,4,66,0.0029985904693603516,0.0029985904693603516,0.002031087875366211,0.013999462127685547
1016,2,40,0.001001119613647461,0.001001119613647461,0.0010151863098144531,0.00899958610534668
1017,1,89,0.002000570297241211,0.002000570297241211,0.0019998550415039062,0.01100015640258789
1018,8,58,0.0009999275207519531,0.0009999275207519531,0.0020020008087158203,0.01096343994140625
1019,14,48,0.002000570297241211,0.002000570297241211,0.001999378204345703,0.012000322341918945
1020,11,39,0.0010004043579101562,0.0010004043579101562,0.0,0.010007381439208984
1021,2,41,0.0010004043579101562,0.0010004043579101562,0.0009963512420654297,0.009994029998779297
1022,12,60,0.002000093460083008,0.002000093460083008,0.0060079097747802734,0.01997661590576172
1023,8,59,0.005046367645263672,0.003986358642578125,0.001977682113647461,0.009998083114624023
1024,15,43,0.0020225048065185547,0.0020225048065185547,0.002942323684692383,0.016960859298706055
1025,1,90,0.0019996166229248047,0.0019996166229248047,0.0019991397857666016,0.01199483871459961
1026,5,59,0.0010035037994384766,0.0010035037994384766,0.001962423324584961,0.020017147064208984
1027,14,49,0.0039975643157958984,0.0039975643157958984,0.008798837661743164,0.012000083923339844
1028,5,60,0.0019991397857666016,0.0019991397857666016,0.0020029544830322266,0.010959625244140625
1029,15,44,0.0020024776458740234,0.0009980201721191406,0.0009999275207519531,0.017999887466430664
1030,10,110,0.006999492645263672,0.005999326705932617,0.0019989013671875,0.01799941062927246
1031,9,62,0.001003265380859375,0.001003265380859375,0.001998424530029297,0.014000177383422852
1032,13,113,0.00299835205078125,0.00299835205078125,0.0029997825622558594,0.017998218536376953
1033,10,111,0.004068136215209961,0.004068136215209961,0.004936695098876953,0.021790266036987305
1034,6,33,0.0009996891021728516,0.0009996891021728516,0.0009999275207519531,0.017161130905151367
1035,3,74,0.004853248596191406,0.004853248596191406,0.006989955902099609,0.022082090377807617
1036,12,61,0.002002239227294922,0.002002239227294922,0.0009999275207519531,0.015996456146240234
1037,8,60,0.0010018348693847656,0.0010018348693847656,0.0019986629486083984,0.009999513626098633
1038,7,24,0.0010013580322265625,0.0010013580322265625,0.0009987354278564453,0.011006593704223633
1039,2,42,0.001995563507080078,0.001995563507080078,0.0010001659393310547,0.00899648666381836
1040,9,63,0.0009982585906982422,0.0009982585906982422,0.0030100345611572266,0.01600503921508789
1041,13,114,0.002994537353515625,0.002994537353515625,0.0029985904693603516,0.02299785614013672
1042,9,64,0.0010006427764892578,0.0010006427764892578,0.003000497817993164,0.014964580535888672
1043,14,50,0.0010004043579101562,0.0010004043579101562,0.0020003318786621094,0.013041257858276367
1044,5,61,0.0029718875885009766,0.0029718875885009766,0.0009927749633789062,0.01099538803100586
1045,10,112,0.0060367584228515625,0.0060367584228515625,0.0019991397857666016,0.020183324813842773
1046,8,61,0.003770112991333008,0.003770112991333008,0.0030024051666259766,0.011997222900390625
1047,3,75,0.0020003318786621094,0.0020003318786621094,0.0019991397857666016,0.015409469604492188
1048,1,91,0.0016279220581054688,0.0016279220581054688,0.0031096935272216797,0.010000467300415039
1049,2,43,0.0010006427764892578,0.0010006427764892578,0.0010104179382324219,0.01600193977355957
1050,3,76,0.007010221481323242,0.007010221481323242,0.0019876956939697266,0.02994537353515625
1051,10,113,0.006002902984619141,0.006002902984619141,0.0050144195556640625,0.021016359329223633
1052,13,115,0.003023862838745117,0.003023862838745117,0.0029990673065185547,0.016996383666992188
1053,3,77,0.0020051002502441406,0.0020051002502441406,0.001998424530029297,0.016037940979003906
1054,7,25,0.0009965896606445312,0.0009965896606445312,0.0,0.007986783981323242
1055,13,116,0.0039675235748291016,0.0039675235748291016,0.004996299743652344,0.029987573623657227
1056,9,65,0.0009980201721191406,0.0009980201721191406,0.002000093460083008,0.019967317581176758
1057,3,78,0.0009887218475341797,0.0009887218475341797,0.0019969940185546875,0.016059160232543945
1058,1,92,0.0029997825622558594,0.0029997825622558594,0.0019996166229248047,0.011036396026611328
